,strategy
2018-06-19,-0.007888488708005284
2018-06-20,0.00011977550988453205
2018-06-21,0.005186854967929754
2018-06-22,0.005381013901086038
2018-06-25,0.0010163152945643517
2018-06-26,0.002277603489941138
2018-06-27,-0.0011788502831865636
2018-06-28,0.004249554612948492
2018-06-29,-0.008254998892777492
2018-07-02,0.0023224657977029602
2018-07-03,-0.006172244757588367
2018-07-04,0.003405171752995397
2018-07-05,0.005141742652299906
2018-07-06,0.0061677603253554964
2018-07-09,0.0004954126676285036
2018-07-10,0.004522291787969647
2018-07-11,0.001625816651188561
2018-07-12,-0.0019636157235012903
2018-07-13,-0.007125290560916022
2018-07-16,-0.004978374525054635
2018-07-17,0.008612312082733196
2018-07-18,-0.004123749321034621
2018-07-19,-0.0048226073175164684
2018-07-20,-0.0010424781166736782
2018-07-23,0.001655925908115555
2018-07-24,-0.00863563249035126
2018-07-25,0.0018243703321292356
2018-07-26,0.00036209463528100785
2018-07-27,-0.002499602565616528
2018-07-30,0.006174590186256938
2018-07-31,0.0043779294222683835
2018-08-01,-0.0006081143640260677
2018-08-02,0.00256147951659092
2018-08-03,0.007290078875976397
2018-08-06,-0.00311833230416977
2018-08-07,0.0021811275727190377
2018-08-08,0.002392176355699713
2018-08-09,0.0038845804619153457
2018-08-10,-0.0006169578653394595
2018-08-13,0.01155383019971514
2018-08-14,-0.0007703515137466367
2018-08-15,-0.0027092075141876963
2018-08-16,0.0007769209829259823
2018-08-17,-0.0003495473104155747
2018-08-20,0.0024352239825442606
2018-08-21,-0.0027931827628359857
2018-08-22,0.0034456549373485064
2018-08-23,-0.002669927396462926
2018-08-24,-0.006623992432844563
2018-08-27,-0.010930787183284812
2018-08-28,0.006034089282170004
2018-08-29,0.0007285745523053979
2018-08-30,0.0001834787751389206
2018-08-31,0.0019631187324133303
2018-09-03,0.0014967524118649348
2018-09-04,-0.0011288361180168396
2018-09-05,0.0027647066177434714
2018-09-06,-0.00047839132144561616
2018-09-07,0.0012964959389409382
2018-09-10,0.003508942027155936
2018-09-11,0.0003480477991804642
2018-09-12,-0.004051142055019323
2018-09-13,0.005242851464761587
2018-09-14,-0.002971334634779912
2018-09-17,0.0025483559148654
2018-09-18,0.0023508507051561026
2018-09-19,0.003341871030183755
2018-09-20,0.0033722890349333116
2018-09-21,-0.0019758123924491864
2018-09-24,0.0014722230955990449
2018-09-25,-0.0013137713747748275
2018-09-26,0.004110757284212123
2018-09-27,0.0019414272052400182
2018-09-28,0.0010087500631153685
2018-10-01,0.0018001007216705996
2018-10-02,-0.0010736757070871046
2018-10-03,-0.0009471757838048793
2018-10-04,-0.001789662100938561
2018-10-05,-0.0017680034128933785
2018-10-08,-0.005014391729992782
2018-10-09,-0.0005501557337096194
2018-10-10,0.001471837031028777
2018-10-11,0.009366014901158926
2018-10-12,-0.00048386302605155627
2018-10-15,-0.0014489714133045083
2018-10-16,-0.0038372844565115324
2018-10-17,0.0035727910901734612
2018-10-18,-0.004105799619495851
2018-10-19,-0.0035039766057899935
2018-10-22,0.004656861541926211
2018-10-23,0.0014534220989751143
2018-10-24,0.0033786785671779374
2018-10-25,-0.0021978516755815176
2018-10-26,0.0034524056616728757
2018-10-29,0.002090511077033859
2018-10-30,0.0008884854610711368
2018-10-31,-0.00026643614326008554
2018-11-01,-0.001652785447694554
2018-11-02,0.0008299937912064618
2018-11-05,-0.0010493338286609055
2018-11-06,-0.00025554107324330224
2018-11-07,0.004470593995697557
2018-11-08,0.001475349161492852
2018-11-09,-0.003530779558837478
2018-11-12,-0.0003279215180269414
2018-11-13,-0.00047228178240701164
2018-11-14,0.002935466336264969
2018-11-15,-0.002821139379470061
2018-11-16,0.00013226340668354391
2018-11-19,0.003828618127302903
2018-11-20,0.0001736730214151463
2018-11-21,-0.0021086822422475247
2018-11-22,0.001143220418154599
2018-11-23,-0.0018136513724606083
2018-11-26,0.008971774620898735
2018-11-27,0.0037541480550202008
2018-11-28,0.00011099251702307211
2018-11-29,0.005450273064673732
2018-11-30,-0.0031079588186260177
2018-12-03,0.007838013613052603
2018-12-04,0.0031345611427372887
2018-12-05,0.0026159476513517104
2018-12-06,0.005930259083867733
2018-12-07,-0.002991144336104192
2018-12-10,-0.0004201516487208529
2018-12-11,0.0007487654286278834
2018-12-12,-0.0009135146115432424
2018-12-13,0.005571783532178443
2018-12-14,-0.004456365100367653
2018-12-17,0.0015305067347546153
2018-12-18,-0.00239131307842332
2018-12-19,0.004135353408147079
2018-12-20,-0.0004806944900763551
2018-12-21,0.0028151578667375754
2018-12-24,0.007428278798744842
2018-12-25,0.0049287866822064295
2018-12-26,-0.006014121200387171
2018-12-27,0.001880950052544967
2018-12-28,0.0012465229228085007
2018-12-31,0.0004047365403104437
2019-01-01,-0.001279524556232139
2019-01-02,0.004213464218903682
2019-01-03,0.0066544127756362585
2019-01-04,0.0018711966543707576
2019-01-07,0.002395419535439113
2019-01-08,0.00016362367278802505
2019-01-09,-6.225992303713626e-05
2019-01-10,0.0020403697110438165
2019-01-11,0.0013984469536032086
2019-01-14,-0.0018769247032627014
2019-01-15,-0.0003233103112079195
2019-01-16,-0.0009465984371364751
2019-01-17,0.004024794866866349
2019-01-18,0.003497060908220367
2019-01-21,-0.000831185541313079
2019-01-22,-0.002558759911932071
2019-01-23,0.0010019010030357246
2019-01-24,0.006178061179501342
2019-01-25,0.008859992222499127
2019-01-28,0.001595673682315351
2019-01-29,0.0010927168683238834
2019-01-30,-0.005666340700018219
2019-01-31,0.003196468173345386
2019-02-01,0.00193564526000788
2019-02-04,0.0068988086299536875
2019-02-05,0.0014387338507926071
2019-02-06,0.0028672981184958164
2019-02-07,-0.006086443104665937
2019-02-08,-0.0017154283064376792
2019-02-11,-0.002066480592622435
2019-02-12,0.0046884084789136134
2019-02-13,0.00016019284866446572
2019-02-14,0.0021931662016494427
2019-02-15,-0.0013611894843583525
2019-02-18,-0.00634403323773763
2019-02-19,0.001961590035172861
2019-02-20,-0.005230720272164492
2019-02-21,-0.0021121958322673673
2019-02-22,-0.0017178687035994972
2019-02-25,-0.004113175686431239
2019-02-26,0.0068067356663220275
2019-02-27,-0.0013225735400811682
2019-02-28,0.0007585401772369699
2019-03-01,-0.007470094569109992
2019-03-04,-0.00048069967131845624
2019-03-05,0.009691433924693963
2019-03-06,0.0041587876753361236
2019-03-07,0.006915022992807238
2019-03-08,0.0029071989961739386
2019-03-11,0.0048598738423893395
2019-03-12,-0.0036274249498326363
2019-03-13,-0.0030354452877804187
2019-03-14,0.006274706965116192
2019-03-15,-0.0015773522126441
2019-03-18,0.0016981071457206694
2019-03-19,0.0023898157270578284
2019-03-20,0.0020575837545392653
2019-03-21,0.0023578167983363233
2019-03-22,-0.0007030585313619762
2019-03-25,0.001532207146922778
2019-03-26,0.0008941038608229836
2019-03-27,0.005195616029246272
2019-03-28,-0.004246759178232348
2019-03-29,0.002229293036883114
2019-04-01,0.011153746131466687
2019-04-02,-0.0033758973750243754
2019-04-03,0.0032022752529119775
2019-04-04,0.0046048670121648086
2019-04-05,0.0018436842900921993
2019-04-08,0.004176871226640211
2019-04-09,-0.0049896448743063345
2019-04-10,-0.00264560448208016
2019-04-11,-0.0015345999551886849
2019-04-12,0.0073234377641376615
2019-04-15,0.0008816023544171006
2019-04-16,0.0016769216144142574
2019-04-17,0.005807109194693441
2019-04-18,0.006472450122594264
2019-04-19,-0.0003152404063753812
2019-04-22,-0.005176864858439047
2019-04-23,0.004469051620002684
2019-04-24,-0.0007288819460791487
2019-04-25,-0.001783167838660058
2019-04-26,0.005113711617098199
2019-04-29,-0.0014023243333901119
2019-04-30,0.005165554903044585
2019-05-01,-0.0008212185696974514
2019-05-02,-0.002442448114921847
2019-05-03,-0.004863065012996236
2019-05-06,0.003128649669936615
2019-05-07,-0.00016200037925500406
2019-05-08,0.00240258257671147
2019-05-09,0.0049596663620963665
2019-05-10,-0.0020369630478940482
2019-05-13,0.0033517236002887675
2019-05-14,0.0034476076254274907
2019-05-15,-0.0008525805162861595
2019-05-16,-0.00012300086278902572
2019-05-17,-0.011598571097966824
2019-05-20,0.002711466080059388
2019-05-21,0.001429842554433076
2019-05-22,-0.0005226059024234022
2019-05-23,-0.0011793412313992621
2019-05-24,-0.00019984452035385562
2019-05-27,0.003821313039962251
2019-05-28,-0.0010920003117098052
2019-05-29,-0.0037828768334303214
2019-05-30,0.0004596026240982832
2019-05-31,-0.0009591837197865608
2019-06-03,0.0017300413125909812
2019-06-04,0.0029048677014263335
2019-06-05,-0.002420671825253878
2019-06-06,4.2695343828675204e-05
2019-06-07,-0.0020238164603220907
2019-06-10,-0.000493389300659313
2019-06-11,-0.0054559542065244085
2019-06-12,0.0007927712631434366
2019-06-13,0.0007357881742410148
2019-06-14,-0.002295894089595511
2019-06-17,-0.006891908616419842
2019-06-18,-0.0016340683968185032
2019-06-19,0.004657119092124806
2019-06-20,0.003946671196151875
2019-06-21,0.0003639098339116324
2019-06-24,0.003932202270470609
2019-06-25,0.003028134116894083
2019-06-26,-0.0014644559537522178
2019-06-27,0.0011945128172745417
2019-06-28,0.0006899441056343342
2019-07-01,0.0033661915280566866
2019-07-02,-0.0008716137379765061
2019-07-03,0.0015937103611693647
2019-07-04,0.0003252592373476702
2019-07-05,0.0011097002333372349
2019-07-08,0.0019646286059175353
2019-07-09,0.0006948994418675985
2019-07-10,0.0003431342809890306
2019-07-11,-0.0016224565147765213
2019-07-12,-0.0010673181907465024
2019-07-15,0.0018816193798196646
2019-07-16,0.0005529289382318495
2019-07-17,0.00299546710860587
2019-07-18,0.008739145238051936
2019-07-19,0.0008785677151528703
2019-07-22,0.0031809947624581473
2019-07-23,0.003071675711666497
2019-07-24,0.0013015639909209108
2019-07-25,0.0006022350932150162
2019-07-26,0.0043942011660505235
2019-07-29,-0.0007016720969754913
2019-07-30,0.0020937997164121786
2019-07-31,-0.0006307926568797819
2019-08-01,0.001738000559591862
2019-08-02,0.005390642232656547
2019-08-05,-0.004802341966047116
2019-08-06,-0.006617832464523088
2019-08-07,0.0008501285849510946
2019-08-08,-0.0004160543551434251
2019-08-09,0.0018447516796989232
2019-08-12,-0.0013341418970373709
2019-08-13,0.009198303169575246
2019-08-14,-0.0029672614957985052
2019-08-15,-0.004352099690228455
2019-08-16,-0.0013734188166694625
2019-08-19,0.0018327962598142665
2019-08-20,0.0026666509287512703
2019-08-21,0.002582788858129804
2019-08-22,-0.003760570028556148
2019-08-23,0.005838934920273113
2019-08-26,-0.001507783916659369
2019-08-27,0.0020046903584968337
2019-08-28,0.001239966114187984
2019-08-29,0.0010438221947209447
2019-08-30,-0.0007674624666890774
2019-09-02,0.009780698972785487
2019-09-03,-0.0013950706900343255
2019-09-04,-0.004805298994781091
2019-09-05,-0.00047170607551996855
2019-09-06,0.0005023881407309343
2019-09-09,-0.003917419314783179
2019-09-10,-0.0006206436562239823
2019-09-11,0.0024703469281463723
2019-09-12,0.0009486468995884233
2019-09-13,-0.00043386132125299335
2019-09-16,-0.002281530786404696
2019-09-17,-0.007001329864182875
2019-09-18,0.002604111902272895
2019-09-19,-0.00515616172072557
2019-09-20,0.004735761276745715
2019-09-23,0.0009399181909368134
2019-09-24,-0.000685866403755816
2019-09-25,-7.491387686876121e-05
2019-09-26,8.430453132004449e-05
2019-09-27,-0.0018864121053677782
2019-09-30,0.0047157355155296645
2019-10-01,-0.0006668457369840155
2019-10-02,-0.0031962223213610665
2019-10-03,-0.0011499371057962957
2019-10-04,-0.004300948224111313
2019-10-07,-0.0002400886528591686
2019-10-08,0.0023785088317167273
2019-10-09,0.00034257600515637493
2019-10-10,-0.0014981870602738187
2019-10-11,-0.0032833369033141904
2019-10-14,-0.0005365374233802415
2019-10-15,0.0035675792028227937
2019-10-16,-0.0016425212876502566
2019-10-17,0.0027761853606823417
2019-10-18,0.002601841420905138
2019-10-21,0.0016487076714641995
2019-10-22,0.002755575592796476
2019-10-23,-0.00553072646621866
2019-10-24,0.009099206793042517
2019-10-25,0.0005776367034289768
2019-10-28,0.002583034031551328
2019-10-29,-0.002777880319888168
2019-10-30,-0.003081695196092347
2019-10-31,-0.0003675017579978486
2019-11-01,0.007254142036070887
2019-11-04,-0.0017414004842838861
2019-11-05,0.005301297956489395
2019-11-06,-0.0015984219164733879
2019-11-07,-0.0012866329269489466
2019-11-08,0.0035802455694942895
2019-11-11,0.0016823020971090995
2019-11-12,-0.0013319143525124006
2019-11-13,0.0025786745582903688
2019-11-14,0.002322294978306764
2019-11-15,0.003143160433750167
2019-11-18,0.006518622745292291
2019-11-19,0.003949688680052715
2019-11-20,-0.0018979313492393898
2019-11-21,0.00015468028246772188
2019-11-22,0.010355808525440192
2019-11-25,0.003286042036143411
2019-11-26,0.001975623612253548
2019-11-27,0.011807237095467023
2019-11-28,0.004405461670878994
2019-11-29,0.0017505650119649888
2019-12-02,0.002988478062873241
2019-12-03,0.002266884813813477
2019-12-04,-0.0007761462391713902
2019-12-05,0.003870645506651995
2019-12-06,-0.00032157760312584156
2019-12-09,0.0032456338286814576
2019-12-10,-0.004681038759295877
2019-12-11,0.001071204019476593
2019-12-12,-0.002755866816345786
2019-12-13,-0.00038769921339351177
2019-12-16,0.006241525788692988
2019-12-17,0.004400480476336884
2019-12-18,0.0018215555400741118
2019-12-19,0.002402485041258332
2019-12-20,-0.0023852218028749183
2019-12-23,-0.004396314895057505
2019-12-24,-0.0013402903086205896
2019-12-25,0.002040491673058071
2019-12-26,0.001688506566773351
2019-12-27,-0.0034629986249418722
2019-12-30,0.0010499656750828004
2019-12-31,-0.0005331170386318522
2020-01-01,0.006575280793276762
2020-01-02,0.002294934957565784
2020-01-03,0.0021685038621931424
2020-01-06,-0.0007768443463766232
2020-01-07,2.6850260356998793e-05
2020-01-08,0.0018118141624288444
2020-01-09,-0.0012361800494717975
2020-01-10,-0.001137122740087186
2020-01-13,-0.0013750271329943753
2020-01-14,-0.00403439282403932
2020-01-15,0.0029219373188826506
2020-01-16,-0.004065723183230074
2020-01-17,0.005425341107404107
2020-01-20,0.00015206257082278412
2020-01-21,-0.002502973716029689
2020-01-22,0.002889804458020994
2020-01-23,0.00024441511184426985
2020-01-24,-0.001063132643445908
2020-01-27,0.003713641507372671
2020-01-28,-0.0017643686649784376
2020-01-29,0.004413042969920475
2020-01-30,0.002036047147278003
2020-01-31,0.012466267726625466
2020-02-03,-0.003628698997640345
2020-02-04,0.008629975605384334
2020-02-05,-0.00014368121100934107
2020-02-06,0.009379308559160476
2020-02-07,-0.0013878235770931498
2020-02-10,0.0011256163983324485
2020-02-11,-0.0027599361615183323
2020-02-12,-0.0004890667281813885
2020-02-13,-0.0002196561806084679
2020-02-14,-0.0013052555133042047
2020-02-17,0.010525909825206504
2020-02-18,-0.0012848305040821374
2020-02-19,0.00399602653235979
2020-02-20,0.005187572586280052
2020-02-21,-0.004828800717008306
2020-02-24,-0.0010827449310400119
2020-02-25,-0.0018933378643595353
2020-02-26,-0.0007211031975104887
2020-02-27,0.0018621046088715019
2020-02-28,0.003266513968750172
2020-03-02,-0.0036327907116198515
2020-03-03,0.004909911916445237
2020-03-04,-0.0011940680842675428
2020-03-05,0.007174006283927064
2020-03-06,0.0007698747733304776
2020-03-09,-0.0033222935741901508
2020-03-10,-0.005351618862911828
2020-03-11,0.001547098218361437
2020-03-12,8.10370284391402e-05
2020-03-13,-0.0007663432073443209
2020-03-16,-0.005816218987578647
2020-03-17,0.004360464480183919
2020-03-18,-0.005243273358262927
2020-03-19,0.0041177563497653575
2020-03-20,-0.0016695106021701047
2020-03-23,0.004637095044792117
2020-03-24,0.0011194115453219639
2020-03-25,3.341177845943061e-05
2020-03-26,0.0014300693696154016
2020-03-27,-0.005645801332145432
2020-03-30,0.002075760448280397
2020-03-31,-0.002708516207368354
2020-04-01,-0.000734346228135229
2020-04-02,-0.0016915635282906197
2020-04-03,0.005485938310349541
2020-04-06,0.0040351859862340364
2020-04-07,0.0038501653934123474
2020-04-08,0.0010854650653338183
2020-04-09,-5.384195573167609e-05
2020-04-10,-0.002650282020016738
2020-04-13,-0.0034091399400498126
2020-04-14,0.0017731563096874039
2020-04-15,-0.003982957879135881
2020-04-16,0.0019826288375814232
2020-04-17,-0.0012568892376275502
2020-04-20,-0.000887113504677387
2020-04-21,0.002100808528680197
2020-04-22,0.0018565661860739336
2020-04-23,0.006299876267628477
2020-04-24,0.00046386664209398134
2020-04-27,-0.0016971090239910839
2020-04-28,-0.0010361843610417257
2020-04-29,0.0059818208312114145
2020-04-30,0.001412522303860768
2020-05-01,0.003755394399791721
2020-05-04,0.0006930717772481425
2020-05-05,-0.0028939449591081053
2020-05-06,0.003995927865791244
2020-05-07,0.003052280892611739
2020-05-08,0.004029294927601827
2020-05-11,-0.0028061366039758067
2020-05-12,0.006041036869061855
2020-05-13,-0.001174474597048405
2020-05-14,0.0014467236314540213
2020-05-15,-0.002562817414356001
2020-05-18,0.0008036618692630254
2020-05-19,0.0031687584326435467
2020-05-20,0.0008386283829940125
2020-05-21,0.0020372658840572527
2020-05-22,-0.002669897412790519
2020-05-25,0.0038079009185623706
2020-05-26,0.005621220871280284
2020-05-27,0.0004137459350600282
2020-05-28,-0.002561366152195526
2020-05-29,0.0010362748793856847
2020-06-01,0.0029126044646140157
2020-06-02,-0.004633017721172899
2020-06-03,-0.0003443566869587194
2020-06-04,0.004393051781204825
2020-06-05,-0.002754816625247717
2020-06-08,-0.0009122159704726084
2020-06-09,0.0024986664084667943
2020-06-10,-0.003450740832801543
2020-06-11,0.0013231488239117519
2020-06-12,0.003085030689145176
2020-06-15,-0.0008419097135891
2020-06-16,0.001235341086502045
2020-06-17,-8.500367738109723e-05
2020-06-18,0.005552257009983879
2020-06-19,-0.0022790818651700806
2020-06-22,-0.0011371546122522528
2020-06-23,-0.00016341833136877457
2020-06-24,0.00018867241016513664
2020-06-25,-0.0001368509045225139
2020-06-26,0.002262278364688404
2020-06-29,0.004026213633791412
2020-06-30,-0.002083505919959965
2020-07-01,-0.0003298367796163037
2020-07-02,-0.0029652686102289746
2020-07-03,0.0007479597158253692
2020-07-06,0.0005961815933835043
2020-07-07,0.00028933853549893576
2020-07-08,0.00029843946005685704
2020-07-09,-0.0009254938298314049
2020-07-10,0.0028228179240552802
2020-07-13,-0.0003169105575746414
2020-07-14,0.005142045156818878
2020-07-15,-0.002246310463290279
2020-07-16,0.001335902000062427
2020-07-17,0.0050650947851071364
2020-07-20,0.0007305108238669295
2020-07-21,0.0014169137101345086
2020-07-22,-0.005086320379954791
2020-07-23,-0.0015605620766616307
2020-07-24,0.002032546721235756
2020-07-27,-0.003405497936514149
2020-07-28,0.0005467245383938709
2020-07-29,0.0020917743468239457
2020-07-30,-0.002689335022611346
2020-07-31,-0.002155209218894503
2020-08-03,-0.00017532337571200785
2020-08-04,0.0043824081113813945
2020-08-05,0.0009083023219801064
2020-08-06,0.0013592145316551577
2020-08-07,-0.003877023524353854
2020-08-10,0.005462280555254271
2020-08-11,-0.002444982034428409
2020-08-12,0.0018974897468485355
2020-08-13,-0.00023863802210677973
2020-08-14,0.010581775085280758
2020-08-17,0.0032186088369002743
2020-08-18,-0.0024289943746239333
2020-08-19,0.0003881375166802644
2020-08-20,0.0036040814896024778
2020-08-21,0.0014025602541897857
2020-08-24,0.006044969725651612
2020-08-25,-0.003247235081884459
2020-08-26,-0.0038555347058926155
2020-08-27,-0.0017563795310371244
2020-08-28,0.004115709399704815
2020-08-31,-0.00012650249563175462
2020-09-01,-0.005227527649439269
2020-09-02,0.0015836860757499247
2020-09-03,-0.004366797817099783
2020-09-04,0.007498348737996421
2020-09-07,-0.0020038786144640315
2020-09-08,0.0008678695397357075
2020-09-09,-0.0006790994930832993
2020-09-10,-0.0015254259711825588
2020-09-11,0.0008048583331770508
2020-09-14,0.001379488176827119
2020-09-15,0.0054989236763861755
2020-09-16,-0.0010670883953656733
2020-09-17,0.004311889680717283
2020-09-18,0.0040014430182433525
2020-09-21,-0.0015748843474555371
2020-09-22,-0.004273590737936286
2020-09-23,-0.0013904144622322336
2020-09-24,0.0007122217134894745
2020-09-25,0.0015626688369350097
2020-09-28,-0.0024946197423348364
2020-09-29,0.002751917862750184
2020-09-30,0.000638024278946958
2020-10-01,0.004531174383287784
2020-10-02,-0.007140075337123582
2020-10-05,0.004631258272908383
2020-10-06,-0.006147378418183535
2020-10-07,-0.001470376378082258
2020-10-08,-0.005799369537533561
2020-10-09,0.001275372909899701
2020-10-12,0.0004899773096435243
2020-10-13,-0.0009873980497088158
2020-10-14,-0.0023771710858948303
2020-10-15,0.004502451724897128
2020-10-16,0.0040892081916186224
2020-10-19,0.009084785871947691
2020-10-20,0.006252671804543973
2020-10-21,-0.00725684378262444
2020-10-22,0.0027632308149823717
2020-10-23,-0.002091860993165103
2020-10-26,0.007333659249688448
2020-10-27,0.0004006883325999366
2020-10-28,0.007595621675062673
2020-10-29,0.0007239131719385677
2020-10-30,-0.0013091755476718444
2020-11-02,-0.0004210707813095602
2020-11-03,-0.007313153187169985
2020-11-04,-0.0003311664174134787
2020-11-05,0.00031461415948876264
2020-11-06,0.0006291125861351402
2020-11-09,0.0037374732829185556
2020-11-10,0.002732173195561076
2020-11-11,-0.0005144905072424566
2020-11-12,5.892998543938514e-05
2020-11-13,0.0038950338323512257
2020-11-16,0.0010801822474789315
2020-11-17,-0.0020577013078857064
2020-11-18,0.001885671438654826
2020-11-19,0.0017706103664132723
2020-11-20,-0.0014597240481595817
2020-11-23,0.0011995915712612387
2020-11-24,0.0019243178629455222
2020-11-25,0.006139871013985517
2020-11-26,0.00013839547300866883
2020-11-27,0.0057424749662491545
2020-11-30,-0.0002540169761611155
2020-12-01,0.0021954619002496753
2020-12-02,-0.0035043961706473963
2020-12-03,0.00015398024137682756
2020-12-04,-0.0032576029391203553
2020-12-07,0.0055916684220204136
2020-12-08,0.002200566260125385
2020-12-09,0.0018506480069554027
2020-12-10,0.0012304625796999691
2020-12-11,0.0033172886094408665
2020-12-14,0.001651944206912258
2020-12-15,0.001308691243352608
2020-12-16,0.0016545682286942239
2020-12-17,0.0034839728609120765
2020-12-18,0.0015511880708918926
2020-12-21,-0.0031759449802707166
2020-12-22,0.0014620732033941162
2020-12-23,-0.004166103864630771
2020-12-24,0.004759542312506115
2020-12-25,0.003929264090396219
2020-12-28,0.004834696293826299
2020-12-29,0.004998233268007632
2020-12-30,0.001406215620237947
2020-12-31,-0.006651088853856502
2021-01-01,-0.0014479493370059752
2021-01-04,0.005212226060425501
2021-01-05,-0.007223389949845311
2021-01-06,0.0011654150634773665
2021-01-07,-0.0046768892713449205
2021-01-08,-0.0071083468064917655
2021-01-11,0.0016543054944470116
2021-01-12,-0.0026559094018383956
2021-01-13,0.003752037530288511
2021-01-14,0.0032236491899544873
2021-01-15,0.005736251288178736
2021-01-18,0.00824262721010456
2021-01-19,0.007607498212907068
2021-01-20,-0.00024476505532435467
2021-01-21,-0.0014802777173713506
2021-01-22,-0.0014149883651276185
2021-01-25,-0.0007926548518178652
2021-01-26,0.004793026190326302
2021-01-27,0.0006285436481295717
2021-01-28,-0.0036237072924757323
2021-01-29,0.0014018628694297693
2021-02-01,0.001433631189656266
2021-02-02,0.005405400542279997
2021-02-03,-0.00030908674945279613
2021-02-04,0.002709592965802433
2021-02-05,0.002787523639777101
2021-02-08,0.0002844061983200549
2021-02-09,-0.0024387345224142873
2021-02-10,0.0019081995055677539
2021-02-11,0.0008906065005953735
2021-02-12,-0.0052578531349832406
2021-02-15,-0.0004191550027521898
2021-02-16,0.0011781639552805516
2021-02-17,-8.849111859947725e-05
2021-02-18,0.005662180692414919
2021-02-19,-0.0007453984188268342
2021-02-22,0.001030555319869708
2021-02-23,0.001927669834447713
2021-02-24,-0.006772980282688577
2021-02-25,0.003057462693888618
2021-02-26,-0.0021010207804100125
2021-03-01,0.0014742228627826952
2021-03-02,0.007866649644101633
2021-03-03,0.004787569831307949
2021-03-04,-0.0061072671731621665
2021-03-05,0.0007154465486903399
2021-03-08,0.0035832307532932504
2021-03-09,0.0011744594517798966
2021-03-10,-0.00012011873316571488
2021-03-11,-0.004718875536866565
2021-03-12,0.005468791968894664
2021-03-15,-0.002046713746707769
2021-03-16,-0.001379322735137912
2021-03-17,-0.004746164637586775
2021-03-18,0.001146643321153259
2021-03-19,-0.0031222699611432644
2021-03-22,0.0008987720817369806
2021-03-23,0.009854360363825943
2021-03-24,0.0037353752782100474
2021-03-25,0.002210650777865738
2021-03-26,0.000422326734958527
2021-03-29,-0.0016799404709485419
2021-03-30,0.00322708495949764
2021-03-31,-0.0005743592461523075
2021-04-01,0.004231502835556334
2021-04-02,0.0034911860534347404
2021-04-05,0.001307672232116281
2021-04-06,0.000875698007689427
2021-04-07,-0.004515587112216586
2021-04-08,0.007930879640628604
2021-04-09,0.0014959324457739021
2021-04-12,-0.004488459195602708
2021-04-13,0.0019700316316837822
2021-04-14,0.003294906192159862
2021-04-15,-0.0020377397851747197
2021-04-16,0.007981265109642765
2021-04-19,-0.003725524188315564
2021-04-20,-0.0005059689977184509
2021-04-21,0.0044845039513248235
2021-04-22,-0.007200983907391491
2021-04-23,-0.00024300215823839664
2021-04-26,-0.003040179505437304
2021-04-27,0.0023690832891414657
2021-04-28,-0.003657106248463157
2021-04-29,-0.0008922794855688409
2021-04-30,0.0017947321576901054
2021-05-03,0.007474442536710727
2021-05-04,0.0018554444275910586
2021-05-05,0.004994149585630414
2021-05-06,-0.0049776285085358805
2021-05-07,-0.00194945907636789
2021-05-10,-0.0001986358004671617
2021-05-11,0.0035559917199797656
2021-05-12,-0.001199828254997448
2021-05-13,-0.0009239718268161841
2021-05-14,-0.003453138677383628
2021-05-17,0.005134083818851758
2021-05-18,-0.00207284000758363
2021-05-19,0.0002387896547765742
2021-05-20,0.003190530858820397
2021-05-21,-0.001880388188309864
2021-05-24,-0.00287555495839574
2021-05-25,-0.00121080229716021
2021-05-26,0.0009116085649716422
2021-05-27,0.0035284112960634216
2021-05-28,0.0047372281299130755
2021-05-31,0.004880693804630082
2021-06-01,-0.0055398831566119515
2021-06-02,0.001075322474177673
2021-06-03,0.0013944825106995606
2021-06-04,0.0017585040101257203
2021-06-07,-0.0008900740497918107
2021-06-08,-0.0032540169421189295
2021-06-09,-0.00047750138587819124
2021-06-10,-0.0034666248813462266
2021-06-11,0.00010458797389869417
2021-06-14,0.0036069766020539323
2021-06-15,0.0037225138267499565
2021-06-16,-0.002228719441589807
2021-06-17,0.0072937948246448985
2021-06-18,-0.00038032746006482214
2021-06-21,-0.001134636904771546
2021-06-22,-0.002359561626999094
2021-06-23,0.001098456242602978
2021-06-24,0.0019222899569669774
2021-06-25,0.0022081060160065577
2021-06-28,0.0032748813250059417
2021-06-29,0.0004352667185679271
2021-06-30,0.001866988946786297
2021-07-01,-0.002011678806315181
2021-07-02,-0.0004549652151523328
2021-07-05,0.007697190538335712
2021-07-06,-0.001667110604846886
2021-07-07,-0.011523794208537717
2021-07-08,-0.004707857365275219
2021-07-09,-0.0013856497464229565
2021-07-12,-0.0002467297626792868
2021-07-13,0.006373047523425466
2021-07-14,-0.0022837139005064946
2021-07-15,0.0014489469479545063
2021-07-16,-0.0035417063399624305
2021-07-19,0.0055589094639854324
2021-07-20,0.0014570401916097304
2021-07-21,-0.0008929197739018656
2021-07-22,0.004399893772916422
2021-07-23,0.005058614969734712
2021-07-26,0.0028667513409808857
2021-07-27,-0.0031189683108297592
2021-07-28,0.004990711582469507
2021-07-29,0.0031976077788890226
2021-07-30,-0.004206812416895973
2021-08-02,-0.0014055493246609946
2021-08-03,-0.00628860127023722
2021-08-04,-0.0036617978334789808
2021-08-05,-0.006018574056571563
2021-08-06,0.003937568840449303
2021-08-09,0.00187253013408993
2021-08-10,-0.0012931330592755635
2021-08-11,0.006926136016223084
2021-08-12,0.0029933874139578907
2021-08-13,0.0006165892574372314
2021-08-16,-0.0007795082594645677
2021-08-17,-0.006206791365148915
2021-08-18,-0.0005298272171099694
2021-08-19,-0.0027297764480533828
2021-08-20,-0.004015738606095213
2021-08-23,-0.0037611412099125066
2021-08-24,-0.002344138915391573
2021-08-25,-0.002046235202867874
2021-08-26,-0.004435787591587225
2021-08-27,0.0007344177748371476
2021-08-30,-0.0033009003314099835
2021-08-31,0.001100453845677959
2021-09-01,0.002574918417990352
2021-09-02,0.005059231050392622
2021-09-03,-0.00114784289987196
2021-09-06,-0.004589334406046285
2021-09-07,0.0034490218008070023
2021-09-08,-0.0006911476132755647
2021-09-09,-0.001441213579460939
2021-09-10,0.005508514038137843
2021-09-13,-0.0031560206473672105
2021-09-14,-0.0025688339853701964
2021-09-15,-0.0018123645352675808
2021-09-16,0.002335726860468808
2021-09-17,-0.003989691950472295
2021-09-20,-0.000514754890302631
2021-09-21,-0.0007893124536499683
2021-09-22,-0.0036410448507925713
2021-09-23,0.0050693354775535665
2021-09-24,-0.002041681891738777
2021-09-27,0.0028802519945155015
2021-09-28,0.0034634438698504795
2021-09-29,-0.003657823355779538
2021-09-30,0.0005046070660614986
2021-10-01,-0.003321432078712245
2021-10-04,5.769864588102587e-06
2021-10-05,-0.006960998427165192
2021-10-06,0.00854149077072035
2021-10-07,-0.0041003863438472555
2021-10-08,0.003831769238932167
2021-10-11,0.006504000323899294
2021-10-12,0.0046333434566807555
2021-10-13,-0.0021403955547473963
2021-10-14,0.0014377315298626176
2021-10-15,-0.010523009925128717
2021-10-18,-0.0025231739681731025
2021-10-19,0.0022945185890120897
2021-10-20,0.0027428288248324165
2021-10-21,0.0030502424214281995
2021-10-22,-0.0007109118484308277
2021-10-25,0.0026926430152340777
2021-10-26,-0.00541471481461652
2021-10-27,-0.0013469824591821286
2021-10-28,-0.005860219894859081
2021-10-29,-0.006270204098660824
2021-11-01,0.0011638165771356782
2021-11-02,-0.0018790582229035128
2021-11-03,-0.0016218094454334916
2021-11-04,-0.007600053008527916
2021-11-05,-0.004444127396664091
2021-11-08,0.004394026296940081
2021-11-09,0.003418990689683787
2021-11-10,0.003943843644960789
2021-11-11,-0.0018888173788813396
2021-11-12,0.004189740031494165
2021-11-15,0.003024116933917773
2021-11-16,0.003157856080537629
2021-11-17,-0.0011037139770477072
2021-11-18,0.0005071542393838939
2021-11-19,-0.0003198209029061493
2021-11-22,0.000350312594171714
2021-11-23,-0.010151778514350345
2021-11-24,0.000607224433854281
2021-11-25,0.00012390833138016576
2021-11-26,0.0053365779261685484
2021-11-29,-0.006972352862636982
2021-11-30,-0.007391112710848316
2021-12-01,0.002889749736348684
2021-12-02,0.0021463153130239633
2021-12-03,0.0029774232784309414
2021-12-06,-0.002716859145979712
2021-12-07,0.002232145327543111
2021-12-08,0.0010651021948218941
2021-12-09,-0.003924098491828152
2021-12-10,-0.005143861322606134
2021-12-13,0.001226757456806224
2021-12-14,-0.0023558475309890577
2021-12-15,0.00019731603929866275
2021-12-16,-0.007096650742407056
2021-12-17,0.0012513635431462482
2021-12-20,0.0035433433517077046
2021-12-21,0.002726367193326029
2021-12-22,-0.0024587055937069194
2021-12-23,-0.002952627111947592
2021-12-24,0.004670695497493704
2021-12-27,-0.006838749405936816
2021-12-28,-0.00011269560004511343
2021-12-29,-0.0013673197712541943
2021-12-30,0.001610598793417989
2021-12-31,-0.0006062616977618457
2022-01-03,0.0010827708764398023
2022-01-04,0.00013302261191970583
2022-01-05,-0.00839701622873102
2022-01-06,0.00541333199219649
2022-01-07,-0.0016908952534262494
2022-01-10,-0.008962519549044597
2022-01-11,0.002559492962928415
2022-01-12,-0.002575650995817585
2022-01-13,0.0019561305319049874
2022-01-14,-0.00022133171821915555
2022-01-17,-0.003312075308007254
2022-01-18,0.002023637973491321
2022-01-19,0.004518090363793098
2022-01-20,0.002378468985631728
2022-01-21,-0.000744692417918287
2022-01-24,-0.0056793058835726854
2022-01-25,-0.0005011502433932809
2022-01-26,0.0017475088498025838
2022-01-27,-0.0021252845435423273
2022-01-28,0.01106461359118034
2022-01-31,0.002042719442776777
2022-02-01,0.0025277049079949518
2022-02-02,0.009024315756268868
2022-02-03,0.002892315438737878
2022-02-04,0.007332954374755269
2022-02-07,0.004669226724383765
2022-02-08,0.004839265707538504
2022-02-09,0.0006419122694656392
2022-02-10,0.0031531715846703674
2022-02-11,0.006578300403186414
2022-02-14,0.010139046315379666
2022-02-15,0.003782289437943128
2022-02-16,-0.0013571105596664728
2022-02-17,0.004280993094768517
2022-02-18,-0.004452253143156153
2022-02-21,0.0037448042440037417
2022-02-22,-0.00010810557908839567
2022-02-23,0.0016269505087742762
2022-02-24,0.00045440166151360095
2022-02-25,0.007071819706513301
2022-02-28,0.0039733390212200095
2022-03-01,0.0009145004614176639
2022-03-02,-0.0016048982018836248
2022-03-03,0.004496060036021361
2022-03-04,0.0027355891139893684
2022-03-07,-0.0028550242641864378
2022-03-08,-0.0031652477323952026
2022-03-09,0.0006287003942419948
2022-03-10,-0.00476796187005095
2022-03-11,0.005004412845932654
2022-03-14,0.00314107513145199
2022-03-15,-0.0009289363421483283
2022-03-16,-0.004217977571143625
2022-03-17,-0.0011064752791600518
2022-03-18,-0.0062163870682902505
2022-03-21,0.0006499261801086462
2022-03-22,-0.0001954804833701094
2022-03-23,0.003897666510770933
2022-03-24,-0.002608763155352311
2022-03-25,-0.005465665374518557
2022-03-28,0.0026836777236513972
2022-03-29,0.006775229629406527
2022-03-30,0.00583577567414472
2022-03-31,0.000499281301139988
2022-04-01,0.0007699425114704113
2022-04-04,-0.0015421747162453583
2022-04-05,-0.0028332206878621717
2022-04-06,-0.0005914996971184948
2022-04-07,-0.0037822677376973253
2022-04-08,0.004228320133837147
2022-04-11,2.0914844567756087e-05
2022-04-12,-0.003818307397539633
2022-04-13,-0.003076557382202634
2022-04-14,-0.0020037112495215237
2022-04-15,-0.0030875096538164567
2022-04-18,0.004759462453899124
2022-04-19,-0.004028371114029797
2022-04-20,0.004164436688698654
2022-04-21,-0.007762075783076338
2022-04-22,0.0007479721690719933
2022-04-25,-0.00508386238103591
2022-04-26,0.010237486796286537
2022-04-27,-0.004304955418218654
2022-04-28,-0.0023945300301681355
2022-04-29,0.0049425988254405
2022-05-02,-0.0018564985280513265
2022-05-03,0.00038841123337662073
2022-05-04,0.00214676526433683
2022-05-05,-0.0010018262456013636
2022-05-06,-0.003492519105813998
2022-05-09,0.0002609682148389167
2022-05-10,0.001209044015635644
2022-05-11,-0.00191286963758402
2022-05-12,0.0006749245902438479
2022-05-13,0.003641699719314876
2022-05-16,0.004028340412940521
2022-05-17,-0.004867001277978274
2022-05-18,-0.0019452333706487504
2022-05-19,0.00017526369359056448
2022-05-20,0.0048797640417451126
2022-05-23,-0.0011107933269654648
2022-05-24,-0.0007899080497581852
2022-05-25,0.0005396712750879884
2022-05-26,0.0038481267023981634
2022-05-27,0.002354551825748829
2022-05-30,-0.0010289361955988592
2022-05-31,-0.0013833221791483131
2022-06-01,-0.0027766278440321127
2022-06-02,0.0033182614666213634
2022-06-03,0.0024256469504347145
2022-06-06,-0.0023596251925408615
2022-06-07,0.003818310872788404
2022-06-08,0.0024119169544252897
2022-06-09,-0.0028425528650716718
2022-06-10,0.0035434413524410213
2022-06-13,7.5215083168504965e-06
2022-06-14,-0.0005330471828026146
2022-06-15,0.0005013535134946558
2022-06-16,0.006153773817375697
2022-06-17,0.0045456130707044445
2022-06-20,-0.000664321860955555
2022-06-21,0.0033674344961456206
2022-06-22,-0.0011826349200639262
2022-06-23,-0.002773719281399284
2022-06-24,0.005912077023284188
2022-06-27,-0.0005962448445192704
2022-06-28,0.001905572714875494
2022-06-29,0.0034526700323859274
2022-06-30,-0.0012349872499454666
2022-07-01,0.0024656266862160686
2022-07-04,0.0034181787807173575
2022-07-05,-0.0005306360425501839
2022-07-06,0.003745153633834041
2022-07-07,0.0006605394338304085
2022-07-08,0.005619514783987475
2022-07-11,0.0013209311779415896
2022-07-12,-0.0015361419070426857
2022-07-13,0.003720910881098307
2022-07-14,0.002776368095847267
2022-07-15,0.0069983809406555225
2022-07-18,-0.0020868661224423355
2022-07-19,-0.0016142479145108434
2022-07-20,-0.0016138241279616988
2022-07-21,0.0014846667256329855
2022-07-22,-0.0034979541895255686
2022-07-25,0.005358577228449789
2022-07-26,-0.010232409941968942
2022-07-27,-0.0009694511350438509
2022-07-28,0.0015396356651236312
2022-07-29,0.004541807240573052
2022-08-01,-0.0007917791956936551
2022-08-02,0.0052972174370184534
2022-08-03,-0.0029222829780395695
2022-08-04,-0.003500279952208323
2022-08-05,-0.004322951895304133
2022-08-08,0.0008863433259656522
2022-08-09,-0.009817283362203753
2022-08-10,0.0008782340831477295
2022-08-11,0.001430413269824194
2022-08-12,0.0035005366647892352
2022-08-15,-0.0035086926595466698
2022-08-16,0.007470426395885172
2022-08-17,-0.0019069060250499659
2022-08-18,0.0011969660146689074
2022-08-19,-0.001556304902394441
2022-08-22,0.0005701222170756945
2022-08-23,-0.0052681657349531895
2022-08-24,0.004230200719719335
2022-08-25,0.0013958628906860528
2022-08-26,-0.005246995673316578
2022-08-29,-0.002008936092234194
2022-08-30,-0.0015637610061772717
2022-08-31,-0.0013867225664423459
2022-09-01,0.006494211592973976
2022-09-02,-0.003849724727980758
2022-09-05,0.0012552803039644297
2022-09-06,0.004833837035179986
2022-09-07,-0.004473324143819705
2022-09-08,0.00014563139914473247
2022-09-09,-0.00039455807359986257
2022-09-12,0.00551699185170565
2022-09-13,-0.00021545583493341833
2022-09-14,0.0029398568226685334
2022-09-15,-0.00022808745544064773
2022-09-16,-0.00480284854439705
2022-09-19,-0.006230950489842336
2022-09-20,0.004617963591122489
2022-09-21,-0.00213051962279909
2022-09-22,-0.0024835537579389316
2022-09-23,0.004777993768976775
2022-09-26,0.00015245112587620904
2022-09-27,0.0027064297544152453
2022-09-28,0.0021958341960123078
2022-09-29,0.0011012315448845067
2022-09-30,0.005622328999570196
2022-10-03,-0.005095160268322706
2022-10-04,0.0005392336058497083
2022-10-05,-0.0019675187964657576
2022-10-06,0.0012358794393119354
2022-10-07,-5.606023864368064e-05
2022-10-10,0.006768421446347284
2022-10-11,-0.001525263933768528
2022-10-12,0.0014357179929971383
2022-10-13,-0.0007414887819614823
2022-10-14,0.002441423257346882
2022-10-17,0.002742574968316275
2022-10-18,0.0007869687107609302
2022-10-19,-0.0017080093794503107
2022-10-20,0.0022778282482207915
2022-10-21,0.0006918154297036867
2022-10-24,0.004056538337310931
2022-10-25,0.002832487524717746
2022-10-26,0.004762216495411094
2022-10-27,0.004293452695159365
2022-10-28,0.0011209494829550644
2022-10-31,0.007711253168747348
2022-11-01,0.004684199792588927
2022-11-02,-9.352534648523548e-05
2022-11-03,-0.0024073091051476665
2022-11-04,-0.001391919014392935
2022-11-07,0.0013206648498327585
2022-11-08,0.00040891795264304774
2022-11-09,0.004286119036904911
2022-11-10,0.004741507290697136
2022-11-11,-0.005630134073911029
2022-11-14,-0.0036977937102160856
2022-11-15,-0.003466301343216664
2022-11-16,-0.0003107415012790183
2022-11-17,-0.0027536342290602625
2022-11-18,0.0003549060535468477
2022-11-21,0.0028499300339945763
2022-11-22,-0.0008540365833985329
2022-11-23,0.0044056100786160875
2022-11-24,0.003495965761730929
2022-11-25,0.0014598956298739049
2022-11-28,-0.002865967586583097
2022-11-29,0.0005823539086968003
2022-11-30,0.003627036837076499
2022-12-01,0.0005526128556505743
2022-12-02,-0.005101223498120749
2022-12-05,-0.0013006079963849683
2022-12-06,-0.004143345682690756
2022-12-07,0.0017694573870999006
2022-12-08,-0.0016131493638361773
2022-12-09,6.792235079132198e-06
2022-12-12,0.0050110741479692245
2022-12-13,0.008456058065769559
2022-12-14,-0.0007717306471231816
2022-12-15,-0.0014967217543469026
2022-12-16,-0.0005547911849763743
2022-12-19,-0.004054498410961352
2022-12-20,-0.00045044084087583064
2022-12-21,-0.0012953160956806222
2022-12-22,0.004129324179349863
2022-12-23,-0.001727632907895139
2022-12-26,-0.00016650078529579268
2022-12-27,0.0007681454519134663
2022-12-28,-0.0003590654022299183
2022-12-29,-0.003363615994533308
2022-12-30,0.003014624352743702
2023-01-02,0.004251165631504651
2023-01-03,0.001313895149228489
2023-01-04,-0.0019472188117908118
2023-01-05,0.001957045177641262
2023-01-06,0.0004602212126082792
2023-01-09,-0.0012992609584798734
2023-01-10,-0.002371128126038944
2023-01-11,-0.002152415007238126
2023-01-12,-0.0027025269009295985
2023-01-13,-0.003824269460483182
2023-01-16,-0.00563393953955297
2023-01-17,-0.0018163634518448464
2023-01-18,0.007043614120443379
2023-01-19,-0.0021399060485757454
2023-01-20,4.502587201713772e-05
2023-01-23,0.010625359169113674
2023-01-24,0.0010694643362043064
2023-01-25,-0.004825046477056199
2023-01-26,0.0025484567370527905
2023-01-27,-0.0022140355157973814
2023-01-30,-0.0018474920896483292
2023-01-31,-0.0019502980179733442
2023-02-01,-0.0016598992701370666
2023-02-02,0.006880030678415603
2023-02-03,-0.001892355202405435
2023-02-06,0.000619708631126635
2023-02-07,0.0025527128442417875
2023-02-08,0.00200153783929647
2023-02-09,-0.000878464092260823
2023-02-10,0.004610409980394596
2023-02-13,0.002793614600637165
2023-02-14,0.001288190889260832
2023-02-15,0.0005640411467518898
2023-02-16,0.0009913819522097622
2023-02-17,-0.002834645010386676
2023-02-20,-0.0033785893855779745
2023-02-21,-0.0010104760953155638
2023-02-22,-0.0026131742320227363
2023-02-23,-0.002666128707644465
2023-02-24,-0.0015960155071494074
2023-02-27,-0.0012452668684503653
2023-02-28,0.0010851151620513387
2023-03-01,0.0028041668500816425
2023-03-02,-0.0017415904544439823
2023-03-03,0.003939703636497626
2023-03-06,0.0009931485342620531
2023-03-07,-0.0035770555092229815
2023-03-08,-0.006002144066799563
2023-03-09,-0.0005847191535621719
2023-03-10,0.0028010169390340614
2023-03-13,0.0018806324904432846
2023-03-14,-0.0021055737542182078
2023-03-15,-0.0009961937332834197
2023-03-16,-0.006187856766504508
2023-03-17,0.011797316602674935
2023-03-20,0.004631302593635943
2023-03-21,0.0020767070923243197
2023-03-22,-0.002283272753677004
2023-03-23,0.0031887073769556297
2023-03-24,0.001953589622620602
2023-03-27,-0.007090769411870917
2023-03-28,-0.005606499561266909
2023-03-29,0.002872504868017943
2023-03-30,-0.005691298339233733
2023-03-31,0.0038999183856149987
2023-04-03,-0.007199460397072076
2023-04-04,-0.002386523624719106
2023-04-05,0.0007865871519992078
2023-04-06,-0.0014077373698742645
2023-04-07,0.000348769445742659
2023-04-10,0.0018451335553832824
2023-04-11,-0.006494480994339731
2023-04-12,-0.004279226883978912
2023-04-13,-0.0013258823350829857
2023-04-14,-0.008141682425233634
2023-04-17,0.00026706065214269906
2023-04-18,-0.0024034827713458355
2023-04-19,-0.0011851757706792742
2023-04-20,0.00721081400602377
2023-04-21,0.003119834818049254
2023-04-24,-0.010384616780644753
2023-04-25,-0.003451004139391891
2023-04-26,0.0024864156614563373
2023-04-27,-0.005246863470249561
2023-04-28,-0.002177440528964591
2023-05-01,0.0016526307468821666
2023-05-02,-0.004698805918930223
2023-05-03,0.0008971977394079363
2023-05-04,-0.004997826942695131
2023-05-05,0.0032357171936506293
2023-05-08,-0.0035279334466457703
2023-05-09,0.0008415332910822439
2023-05-10,0.004499213928822108
2023-05-11,0.003240460949409009
2023-05-12,0.0008132160330596379
2023-05-15,-0.004571227896927193
2023-05-16,-0.0044184914710342265
2023-05-17,0.0007142302302428096
2023-05-18,0.0032689865984690232
2023-05-19,0.0014408986182243271
2023-05-22,-0.003569155446345724
2023-05-23,-0.005892474606575569
2023-05-24,0.00016792523609222506
2023-05-25,0.0004529881860954051
2023-05-26,-0.002190114830447245
2023-05-29,-0.0055774555145504945
2023-05-30,-0.0012709646039469774
2023-05-31,0.0023028739364406078
2023-06-01,9.934210430915483e-05
2023-06-02,-0.0006676940516757333
2023-06-05,0.0038632323183971674
2023-06-06,0.003583296299368203
2023-06-07,-0.00011382489558889482
2023-06-08,0.00247296847659359
2023-06-09,0.004726178109276847
2023-06-12,0.01016427497980355
2023-06-13,0.0024662706012741
2023-06-14,-0.0020632981811436915
2023-06-15,0.0014029489546107216
2023-06-16,0.0030076642778648793
2023-06-19,-0.0014564911884203512
2023-06-20,-0.0065659737743048955
2023-06-21,-0.004598382635732989
2023-06-22,0.0006924725241961245
2023-06-23,0.004565876972801646
2023-06-26,0.0054379693319390075
2023-06-27,0.00028334611326417286
2023-06-28,0.0012395427980585135
2023-06-29,0.003686714295460425
2023-06-30,0.009469512810067894
2023-07-03,0.0012536554980839927
2023-07-04,0.003906606931547307
2023-07-05,0.00012076969250084959
2023-07-06,-0.0033976168066087485
2023-07-07,0.0035435114883301025
2023-07-10,0.005465859074573143
2023-07-11,0.003749963614608701
2023-07-12,-0.0037623249532152533
2023-07-13,0.007590718042855724
2023-07-14,0.003224342541598155
2023-07-17,0.0012893234241153997
2023-07-18,0.001828031443147337
2023-07-19,-0.003179266225945518
2023-07-20,0.002930743319030198
2023-07-21,0.006872023249177924
2023-07-24,-0.009040451928627536
2023-07-25,-0.006677351265576592
2023-07-26,-0.004187513147803675
2023-07-27,0.0014418138799517461
2023-07-28,-0.003396902900215999
2023-07-31,-0.0014331800868280721
2023-08-01,-0.004177167499461815
2023-08-02,0.006239075063465802
2023-08-03,0.003769503738442765
2023-08-04,0.0030730162057809084
2023-08-07,0.005648584892108077
2023-08-08,-0.003062948165702066
2023-08-09,0.0006767268248174883
2023-08-10,0.0017179360842137672
2023-08-11,-0.00485986330465855
2023-08-14,0.0032557557445587987
2023-08-15,-0.0033772971544139786
2023-08-16,0.001739677508773998
2023-08-17,0.00022257155721335648
2023-08-18,-0.00046987541471483997
2023-08-21,0.0068470283771742135
2023-08-22,0.003911615741116518
2023-08-23,-0.0024113610819840197
2023-08-24,-0.00041774738563610356
2023-08-25,-0.004991514208364517
2023-08-28,-0.003362361959667978
2023-08-29,-0.0017925106486069004
2023-08-30,0.0013303968634326467
2023-08-31,-0.0025296525490220503
2023-09-01,-0.006266073087094745
2023-09-04,0.0013756822834361053
2023-09-05,-0.002572180689444272
2023-09-06,0.006826190603293295
2023-09-07,-0.0009053294580492418
2023-09-08,0.0001685509523766186
2023-09-11,-0.0011785533723515894
2023-09-12,0.003931127501416219
2023-09-13,0.006565398782375305
2023-09-14,-0.0006456950602957097
2023-09-15,-0.004621040523169348
2023-09-18,0.0005276119672408511
2023-09-19,0.0008462803389504832
2023-09-20,-0.0035645009597182354
2023-09-21,-0.004956167356137706
2023-09-22,0.003211913708792454
2023-09-25,-0.004959033875984208
2023-09-26,0.0004305990373190097
2023-09-27,-0.0008907243698780769
2023-09-28,-0.0030683875658688367
2023-09-29,0.0026361347805140866
